timestamp,ativo,direcao,preco,score_buy,score_sell,market_quality,reasons_buy,reasons_sell,resultado,lucro,confirmado,timeframe,atr,bollinger_width,distancia_ema,horario,dia_semana,mercado,trend_direction,close,ema_fast,ema_trend,rsi,macd,cci,adx,volume_ratio,asset,direction,entry_price,exit_price,result,mq
2026-07-21T10:08:36.276833,EURGBP=X,VENDA,0.85077,78.94736842105263,26.31578947368421,75.0,"[""EMA fast bullish"", ""EMA trend bullish"", ""MACD bullish"", ""CCI positivo"", ""Volume OK"", ""Perto do suporte""]","[""Volume OK"", ""Bollinger superior (resist\u00eancia)"", ""Perto da resist\u00eancia""]",WIN,1.0,True,5,0.000201,0.001483,0.000948,10.0,1.0,Normal,Lateral,0.85077,0.850411,0.849822,74.79,0.000282,160.49,0.0,1.0,,,,,,
2026-07-21T10:50:23.829108,GBPUSD=X,VENDA,1.343015,73.68421052631578,42.10526315789473,65.0,"[""EMA fast bullish"", ""MACD bullish"", ""CCI positivo"", ""RSI favor\u00e1vel (tend\u00eancia)"", ""Volume OK"", ""Perto do suporte""]","[""EMA trend bearish"", ""RSI favor\u00e1vel (tend\u00eancia baixa)"", ""Volume OK"", ""Perto da resist\u00eancia""]",WIN,1.0,True,5,0.000372,0.001688,-0.000626,10.0,1.0,Normal,Lateral,1.343015,1.34291,1.343641,46.49,-0.000353,90.08,0.0,1.0,,,,,,
2026-07-21T11:02:38.243866,USDCAD=X,COMPRA,1.4056,26.31578947368421,78.94736842105263,65.0,"[""Volume OK"", ""Bollinger inferior (suporte)"", ""Perto do suporte""]","[""EMA fast bearish"", ""EMA trend bearish"", ""MACD bearish"", ""CCI negativo"", ""Volume OK"", ""Perto da resist\u00eancia""]",WIN,1.0,True,5,0.000255,0.001052,-0.000906,11.0,1.0,Normal,Lateral,1.4056,1.40592,1.406506,22.43,-0.000247,-66.84,0.0,1.0,,,,,,
2026-07-21T12:24:27.836366,EURGBP=X,VENDA,0.851615,78.94736842105263,26.31578947368421,75.0,"[""EMA fast bullish"", ""EMA trend bullish"", ""MACD bullish"", ""CCI positivo"", ""Volume OK"", ""Perto do suporte""]","[""Volume OK"", ""Bollinger superior (resist\u00eancia)"", ""Perto da resist\u00eancia""]",LOSS,-1.0,True,5,0.000224,0.001431,0.000981,12.0,1.0,Normal,Lateral,0.851615,0.851368,0.850634,77.6,0.00029,77.17,0.0,1.0,,,,,,
2026-07-21T12:34:59.766736,EURGBP=X,VENDA,0.85174,78.94736842105263,26.31578947368421,75.0,"[""EMA fast bullish"", ""EMA trend bullish"", ""MACD bullish"", ""CCI positivo"", ""Volume OK"", ""Perto do suporte""]","[""Volume OK"", ""Bollinger superior (resist\u00eancia)"", ""Perto da resist\u00eancia""]",WIN,1.0,True,5,0.000209,0.001534,0.001025,12.0,1.0,Normal,Lateral,0.85174,0.851491,0.850715,75.14,0.000309,84.05,0.0,1.0,,,,,,
2026-07-21T12:44:21.021572,EURGBP=X,VENDA,0.851775,78.94736842105263,26.31578947368421,75.0,"[""EMA fast bullish"", ""EMA trend bullish"", ""MACD bullish"", ""CCI positivo"", ""Volume OK"", ""Perto do suporte""]","[""Volume OK"", ""Bollinger superior (resist\u00eancia)"", ""Perto da resist\u00eancia""]",WIN,1.0,True,5,0.00021,0.001544,0.000988,12.0,1.0,Normal,Lateral,0.851775,0.851559,0.850787,68.73,0.000303,51.03,0.0,1.0,,,,,,
2026-07-21T12:53:00.938485,GBPUSD=X,COMPRA,1.340775,26.31578947368421,78.94736842105263,65.0,"[""Volume OK"", ""Bollinger inferior (suporte)"", ""Perto do suporte""]","[""EMA fast bearish"", ""EMA trend bearish"", ""MACD bearish"", ""CCI negativo"", ""Volume OK"", ""Perto da resist\u00eancia""]",LOSS,-1.0,True,5,0.000421,0.002005,-0.001638,12.0,1.0,Normal,Lateral,1.340775,1.341144,1.342413,32.04,-0.000525,-60.2,0.0,1.0,,,,,,
2026-07-21T13:01:59.092874,GBPUSD=X,COMPRA,1.3403,26.31578947368421,78.94736842105263,65.0,"[""Volume OK"", ""Bollinger inferior (suporte)"", ""Perto do suporte""]","[""EMA fast bearish"", ""EMA trend bearish"", ""MACD bearish"", ""CCI negativo"", ""Volume OK"", ""Perto da resist\u00eancia""]",LOSS,-1.0,True,5,0.000457,0.002009,-0.001951,13.0,1.0,Normal,Lateral,1.3403,1.340827,1.342251,33.96,-0.00059,-93.5,0.0,1.0,,,,,,
2026-07-21T13:11:55.372352,USDCAD=X,VENDA,1.40768,78.94736842105263,26.31578947368421,75.0,"[""EMA fast bullish"", ""EMA trend bullish"", ""MACD bullish"", ""CCI positivo"", ""Volume OK"", ""Perto do suporte""]","[""Volume OK"", ""Bollinger superior (resist\u00eancia)"", ""Perto da resist\u00eancia""]",LOSS,-1.0,True,5,0.000335,0.001206,0.001184,13.0,1.0,Normal,Lateral,1.40768,1.40698,1.406496,77.15,0.000293,161.2,0.0,1.0,,,,,,
2026-07-21T16:40:07.673034,EURGBP=X,VENDA,0.852875,78.94736842105263,26.31578947368421,75.0,"[""EMA fast bullish"", ""EMA trend bullish"", ""MACD bullish"", ""CCI positivo"", ""Volume OK"", ""Perto do suporte""]","[""Volume OK"", ""Bollinger superior (resist\u00eancia)"", ""Perto da resist\u00eancia""]",LOSS,-1.0,True,5,0.000222,0.001009,0.000439,16.0,1.0,Normal,Lateral,0.852875,0.852828,0.852436,68.6,8.8e-05,58.33,0.0,1.0,,,,,,
2026-07-22T10:54:39.908401,AUDUSD=X,COMPRA,0.69921,26.31578947368421,78.94736842105263,65.0,"[""Volume OK"", ""Bollinger inferior (suporte)"", ""Perto do suporte""]","[""EMA fast bearish"", ""EMA trend bearish"", ""MACD bearish"", ""CCI negativo"", ""Volume OK"", ""Perto da resist\u00eancia""]",WIN,1.0,True,5,0.000202,0.001017,-0.000487,10.0,2.0,Normal,Lateral,0.69921,0.699516,0.699697,23.18,-7.2e-05,-126.27,0.0,1.0,,,,,,
2026-07-22T11:03:55.828236,GBPUSD=X,COMPRA,1.336915,26.31578947368421,73.68421052631578,65.0,"[""Volume OK"", ""Bollinger inferior (suporte)"", ""Perto do suporte""]","[""EMA fast bearish"", ""EMA trend bearish"", ""MACD bearish"", ""RSI favor\u00e1vel (tend\u00eancia baixa)"", ""Volume OK"", ""Perto da resist\u00eancia""]",LOSS,-1.0,True,5,0.000358,0.001064,-0.000706,11.0,2.0,Normal,Lateral,1.336915,1.337024,1.337621,36.73,-0.000259,-36.25,0.0,1.0,,,,,,
2026-07-22T11:33:02.609420,USDCAD=X,VENDA,1.41041,78.94736842105263,26.31578947368421,75.0,"[""EMA fast bullish"", ""EMA trend bullish"", ""MACD bullish"", ""CCI positivo"", ""Volume OK"", ""Perto do suporte""]","[""Volume OK"", ""Bollinger superior (resist\u00eancia)"", ""Perto da resist\u00eancia""]",WIN,1.0,True,5,0.000249,0.001001,0.00065,11.0,2.0,Normal,Lateral,1.41041,1.410132,1.40976,73.28,0.000237,116.25,0.0,1.0,,,,,,
2026-07-22T13:36:18.760208,USDCAD=X,COMPRA,1.40823,26.31578947368421,78.94736842105263,65.0,"[""Volume OK"", ""Bollinger inferior (suporte)"", ""Perto do suporte""]","[""EMA fast bearish"", ""EMA trend bearish"", ""MACD bearish"", ""CCI negativo"", ""Volume OK"", ""Perto da resist\u00eancia""]",WIN,1.0,True,5,0.000323,0.001486,-0.001134,13.0,2.0,Normal,Lateral,1.40823,1.408596,1.409364,23.77,-0.000379,-130.18,0.0,1.0,,,,,,
2026-07-22T13:51:58.400823,AUDUSD=X,COMPRA,0.698725,26.31578947368421,89.47368421052632,65.0,"[""Volume OK"", ""Bollinger inferior (suporte)"", ""Perto do suporte""]","[""EMA fast bearish"", ""EMA trend bearish"", ""MACD bearish"", ""CCI negativo"", ""RSI favor\u00e1vel (tend\u00eancia baixa)"", ""Volume OK"", ""Perto da resist\u00eancia""]",LOSS,-1.0,True,5,0.000219,0.001048,-0.00064,13.0,2.0,Normal,Lateral,0.698725,0.699105,0.699365,38.14,-0.000107,-138.52,0.0,1.0,,,,,,
2026-07-22T14:00:49.071413,AUDUSD=X,COMPRA,0.698465,26.31578947368421,78.94736842105263,65.0,"[""Volume OK"", ""Bollinger inferior (suporte)"", ""Perto do suporte""]","[""EMA fast bearish"", ""EMA trend bearish"", ""MACD bearish"", ""CCI negativo"", ""Volume OK"", ""Perto da resist\u00eancia""]",WIN,1.0,True,5,0.00028,0.001424,-0.000864,14.0,2.0,Normal,Lateral,0.698465,0.698965,0.699329,26.43,-0.000159,-132.6,0.0,1.0,,,,,,
2026-07-22T14:12:34.009658,AUDUSD=X,COMPRA,0.698955,42.10526315789473,73.68421052631578,65.0,"[""CCI positivo"", ""Volume OK"", ""Bollinger inferior (suporte)"", ""Perto do suporte""]","[""EMA fast bearish"", ""EMA trend bearish"", ""MACD bearish"", ""RSI favor\u00e1vel (tend\u00eancia baixa)"", ""Volume OK"", ""Perto da resist\u00eancia""]",PENDENTE,0.0,False,5,0.000273,0.001499,-0.00033,14.0,2.0,Normal,Lateral,0.698955,0.698965,0.699285,39.29,-0.00014,53.81,0.0,1.0,,,,,,
2026-07-23T13:23:38.123717,USDJPY=X,COMPRA,163.5395,89.47368421052632,26.31578947368421,60.0,"[""EMA fast bullish"", ""EMA trend bullish"", ""MACD bullish"", ""CCI positivo"", ""Volume OK"", ""Bollinger inferior (suporte)"", ""Perto do suporte""]","[""Volume OK"", ""Bollinger superior (resist\u00eancia)"", ""Perto da resist\u00eancia""]",LOSS,-1.0,True,5,0.004188,0.000237,0.024928,13.0,3.0,Normal,Lateral,163.5395,163.531918,163.514572,88.06,0.007704,84.59,0.0,1.0,,,,,,
2026-07-23T13:42:47.753801,USDJPY=X,COMPRA,163.726,89.47368421052632,26.31578947368421,45.0,"[""EMA fast bullish"", ""EMA trend bullish"", ""MACD bullish"", ""CCI positivo"", ""Volume OK"", ""Bollinger inferior (suporte)"", ""Perto do suporte""]","[""Volume OK"", ""Bollinger superior (resist\u00eancia)"", ""Perto da resist\u00eancia""]",LOSS,-1.0,True,5,0.005341,0.000285,0.034319,13.0,3.0,Normal,Lateral,163.726,163.71628,163.691681,78.02,0.009765,103.44,0.0,1.0,,,,,,
2026-07-23T13:50:47.326732,AUDUSD=X,VENDA,0.69779,52.63157894736842,84.21052631578947,35.0,"[""EMA trend bullish"", ""RSI favor\u00e1vel (tend\u00eancia)"", ""Volume OK"", ""Bollinger inferior (suporte)"", ""Perto do suporte""]","[""EMA fast bearish"", ""MACD bearish"", ""CCI negativo"", ""RSI favor\u00e1vel (tend\u00eancia baixa)"", ""Volume OK"", ""Bollinger superior (resist\u00eancia)"", ""Perto da resist\u00eancia""]",LOSS,-1.0,True,5,3.4e-05,0.000239,6e-05,13.0,3.0,Normal,Lateral,0.69779,0.697803,0.69773,49.12,3.4e-05,-70.42,0.0,1.0,,,,,,
2026-07-23T14:01:24.392347,USDJPY=X,COMPRA,163.6985,89.62655601659752,27.999999999999996,45.0,"[""EMA fast bullish"", ""EMA trend bullish"", ""MACD bullish"", ""CCI positivo"", ""Volume OK"", ""Bollinger inferior (suporte)"", ""Perto do suporte""]","[""Volume OK"", ""Bollinger superior (resist\u00eancia)"", ""Perto da resist\u00eancia""]",PENDENTE,0.0,False,5,0.00509,0.000246,0.018084,14.0,3.0,Normal,Lateral,163.6985,163.693582,163.680416,75.45,0.006344,51.19,0.0,1.0,,,,,,
2026-07-23T14:17:16.118299,EURUSD=X,COMPRA,1.13714,89.62655601659752,27.999999999999996,35.0,"[""EMA fast bullish"", ""EMA trend bullish"", ""MACD bullish"", ""CCI positivo"", ""Volume OK"", ""Bollinger inferior (suporte)"", ""Perto do suporte""]","[""Volume OK"", ""Bollinger superior (resist\u00eancia)"", ""Perto da resist\u00eancia""]",WIN,1.0,True,5,6.4e-05,0.00021,0.000102,14.0,3.0,Normal,Lateral,1.13714,1.137068,1.137038,70.54,3.7e-05,100.67,0.0,1.0,,,,,,
2026-07-23T14:25:18.300867,EURGBP=X,COMPRA,0.853335,89.62655601659752,27.999999999999996,35.0,"[""EMA fast bullish"", ""EMA trend bullish"", ""MACD bullish"", ""CCI positivo"", ""Volume OK"", ""Bollinger inferior (suporte)"", ""Perto do suporte""]","[""Volume OK"", ""Bollinger superior (resist\u00eancia)"", ""Perto da resist\u00eancia""]",LOSS,-1.0,True,5,3e-05,0.000356,0.000164,14.0,3.0,Normal,Lateral,0.853335,0.853298,0.853171,83.33,6e-05,110.43,0.0,1.0,,,,,,
1784832330,,,,74.06639004149376,27.999999999999996,,,,,,,5,1.142809225966536e-05,0.0002024616980531,,,,,,,,,,,,0.0,,NZDUSD=X,COMPRA,0.577,,LOSS,0.0
1784832985,,,,74.06639004149376,27.999999999999996,,,,,,,5,3.354189027039975e-05,0.0002771603647835,,,,,,,,,,,,0.0,,GBPUSD=X,COMPRA,1.33165,,LOSS,0.0
1784834901,,,,89.62655601659752,27.999999999999996,,,,,,,5,1.0889394971588185e-05,0.0002225177236767,,,,,,,,,,,,0.0,,NZDUSD=X,COMPRA,0.577,,WIN,0.0
1784836849,,,,89.62655601659752,27.999999999999996,,,,,,,5,2.944586474732433e-05,0.000272573905043,,,,,,,,,,,,0.0,,AUDUSD=X,COMPRA,0.69675,,LOSS,0.0
1784840410,,,,89.62655601659752,27.999999999999996,,,,,,,5,4.3664794973493265e-05,0.0002031429811256,,,,,,,,,,,,0.0,,AUDUSD=X,COMPRA,0.69695,,LOSS,0.0
1784840838,,,,89.62655601659752,27.999999999999996,,,,,,,5,3.2663427607895465e-05,0.0003005252338658,,,,,,,,,,,,0.0,,EURGBP=X,COMPRA,0.854515,,PENDENTE,0.0
1784841090,,,,89.62655601659752,27.999999999999996,,,,,,,5,3.687790461954154e-05,0.0002222350578263,,,,,,,,,,,,0.0,,NZDUSD=X,COMPRA,0.577305,,PENDENTE,0.0
1784841356,,,,89.62655601659752,27.999999999999996,,,,,,,5,0.0024221937294471,0.000118008075057,,,,,,,,,,,,0.0,,EURJPY=X,COMPRA,186.4305,,WIN,0.0
1784841819,,,,74.06639004149376,43.42857142857143,,,,,,,5,2.4655802298280658e-05,0.0003328553258645,,,,,,,,,,,,0.0,,NZDUSD=X,COMPRA,0.57729,,PENDENTE,0.0
1784842044,,,,89.62655601659752,27.999999999999996,,,,,,,5,6.828522032212037e-06,0.0001694296052614,,,,,,,,,,,,0.0,,EURGBP=X,COMPRA,0.85442,,LOSS,0.0
1784842480,,,,84.43983402489627,27.999999999999996,,,,,,,5,1.90312996221218e-05,0.0001177000560661,,,,,,,,,,,,0.0,,EURGBP=X,COMPRA,0.854355,,PENDENTE,0.0
1784895932,,,,89.62655601659752,27.999999999999996,,,,,,,5,0.0052791834243396,0.0001825539053342,,,,,,,,,,,,0.0,,USDJPY=X,COMPRA,163.8395,,LOSS,0.0
1784896356,,,,27.385892116182575,89.71428571428571,,,,,,,5,0.004742553288912,0.0001980965717126,,,,,,,,,,,,0.0,,EURJPY=X,VENDA,186.321,,WIN,0.0
1784896814,,,,89.62655601659752,27.999999999999996,,,,,,,5,2.999336952400907e-05,0.000176279653114,,,,,,,,,,,,0.0,,GBPUSD=X,COMPRA,1.3314,,LOSS,0.0
1784897265,,,,74.06639004149376,43.42857142857143,,,,,,,5,0.0019108608185604,0.0001472690549335,,,,,,,,,,,,0.0,,USDJPY=X,COMPRA,163.844,,LOSS,0.0
1784897656,,,,53.3195020746888,74.28571428571429,,,,,,,5,0.0041081208735164,0.0001349734263243,,,,,,,,,,,,0.0,,EURJPY=X,VENDA,186.277,,LOSS,0.0
1784899356,,,,27.385892116182575,100.0,,,,,,,5,0.0060981764860117,0.0001701361905188,,,,,,,,,,,,0.0,,EURJPY=X,VENDA,186.333,,LOSS,0.0
1784900753,,,,27.385892116182575,100.0,,,,,,,5,0.0072286265929127,0.0001055736717994,,,,,,,,,,,,0.0,,EURJPY=X,VENDA,186.3085,,LOSS,0.0
1784901325,,,,100.0,27.999999999999996,,,,,,,5,0.0068595862252921,0.0001408316949401,,,,,,,,,,,,0.0,,EURJPY=X,COMPRA,186.335,,LOSS,0.0
1784903545,,,,89.62655601659752,27.999999999999996,,,,,,,5,2.3123238936508015e-05,0.0002044104864415,,,,,,,,,,,,0.0,,EURGBP=X,COMPRA,0.853815,,LOSS,0.0
1784904243,,,,100.0,27.999999999999996,,,,,,,5,2.844702785421044e-05,0.0001400079189965,,,,,,,,,,,,0.0,,AUDUSD=X,COMPRA,0.698355,,WIN,0.0
1784905140,,,,100.0,27.999999999999996,,,,,,,5,5.2591317633424525e-05,0.0004006441682823,,,,,,,,,,,,0.0,,EURGBP=X,COMPRA,0.853815,,LOSS,0.0
1784906950,,,,100.0,38.285714285714285,,,,,,,5,0.0037834830829659,0.0001323311108716,,,,,,,,,,,,0.0,,USDJPY=X,COMPRA,163.7005,,PENDENTE,0.0
1784907412,,,,89.62655601659752,27.999999999999996,,,,,,,5,2.140172183290378e-05,0.0001055202142929,,,,,,,,,,,,0.0,,AUDUSD=X,COMPRA,0.699235,,LOSS,0.0
1784907873,,,,27.385892116182575,89.71428571428571,,,,,,,5,0.0047818460412721,0.0001962827185883,,,,,,,,,,,,0.0,,EURJPY=X,VENDA,186.4085,,LOSS,0.0
1784908293,,,,89.62655601659752,27.999999999999996,,,,,,,5,3.7034368416707946e-05,0.0002818258618315,,,,,,,,,,,,0.0,,GBPUSD=X,COMPRA,1.33431,,LOSS,0.0
1784925394,,,,89.62655601659752,27.999999999999996,,,,,,,5,8.381050426268396e-06,0.00010163826790972766,,,,,,,,,,,,0.0,,NZDUSD=X,COMPRA,0.578615,,LOSS,0.0
1784925894,,,,89.62655601659752,27.999999999999996,,,,,,,5,0.0013980487924433657,0.00010111193212682133,,,,,,,,,,,,0.0,,EURJPY=X,COMPRA,186.2915,,WIN,0.0
1784926321,,,,89.62655601659752,27.999999999999996,,,,,,,5,1.733731563637377e-05,0.00014133346050645913,,,,,,,,,,,,0.0,,USDCAD=X,COMPRA,1.40955,,LOSS,0.0
1784926920,,,,84.43983402489627,53.714285714285715,,,,,,,5,0.00016607184761831395,0.00019069519541095966,,,,,,,,,,,,0.0,,GBPUSD=X,COMPRA,1.332415,,LOSS,0.0
